Manager	Team
sebastian.banaszak@glovoapp.com	Big Chain
karolina.stanecka@glovoapp.com	East
sebastian.banaszak@glovoapp.com	Big Chain
patrycja.braglewiczkijewska@glovoapp.com	Big Chain
mateusz.puchalski@glovoapp.com	SMB
emilia.tarkowska@glovoapp.com	Big Chain
yuliia.gabruk@glovoapp.com	Big Chain
karolina.stanecka@glovoapp.com	East
klaudia.wojtasik@glovoapp.com	East
wiktoria.noweta@glovoapp.com	Big Chain
sebastian.banaszak@glovoapp.com	Big Chain
wiktoria.noweta@glovoapp.com	Big Chain
mateusz.glowacki@glovoapp.com	East
kinga.kuzminska@glovoapp.com	East
karolina.stanecka@glovoapp.com	East
sebastian.banaszak@glovoapp.com	Big Chain
klaudia.wojtasik@glovoapp.com	East
monika.kalecinska@glovoapp.com	Big Chain
emilia.tarkowska@glovoapp.com	Big Chain
klaudia.wojtasik@glovoapp.com	East
hanna.dlutek@glovoapp.com	SMB
monika.kalecinska@glovoapp.com	Big Chain
mateusz.glowacki@glovoapp.com	East
kinga.kuzminska@glovoapp.com	East
patrycja.braglewiczkijewska@glovoapp.com	Big Chain
klaudia.wojtasik@glovoapp.com	East
mateusz.glowacki@glovoapp.com	East
klaudia.wojtasik@glovoapp.com	East
kinga.kuzminska@glovoapp.com	East
sebastian.banaszak@glovoapp.com	Big Chain
mateusz.glowacki@glovoapp.com	East
karolina.stanecka@glovoapp.com	East
kinga.kuzminska@glovoapp.com	East
klaudia.wojtasik@glovoapp.com	East
kinga.kuzminska@glovoapp.com	East
karolina.stanecka@glovoapp.com	East
brian.mbewe@glovoapp.com	SMB
mateusz.glowacki@glovoapp.com	East
paulina.jaruminowska@glovoapp.com	SMB
klaudia.wojtasik@glovoapp.com	East
mateusz.glowacki@glovoapp.com	East
paulina.jaruminowska@glovoapp.com	SMB
wiktoria.noweta@glovoapp.com	Big Chain
kinga.kuzminska@glovoapp.com	East
yuliia.gabruk@glovoapp.com	Big Chain
kinga.kuzminska@glovoapp.com	East
karolina.stanecka@glovoapp.com	East
mateusz.glowacki@glovoapp.com	East
klaudia.wojtasik@glovoapp.com	East
klaudia.wojtasik@glovoapp.com	East
kinga.kuzminska@glovoapp.com	East
mateusz.glowacki@glovoapp.com	East
karolina.stanecka@glovoapp.com	East
karolina.stanecka@glovoapp.com	East
klaudia.wojtasik@glovoapp.com	East
patrycja.braglewiczkijewska@glovoapp.com	Big Chain
mateusz.glowacki@glovoapp.com	East
brian.mbewe@glovoapp.com	SMB
mateusz.glowacki@glovoapp.com	East
mateusz.glowacki@glovoapp.com	East
brian.mbewe@glovoapp.com	SMB
klaudia.wojtasik@glovoapp.com	East
kinga.kuzminska@glovoapp.com	East
	
oskar.popielinski@glovoapp.com	SMB
hanna.dlutek@glovoapp.com	SMB
mateusz.glowacki@glovoapp.com	East
karolina.stanecka@glovoapp.com	East
monika.kalecinska@glovoapp.com	Big Chain
	
paulina.jaruminowska@glovoapp.com	SMB
	
mateusz.glowacki@glovoapp.com	East
klaudia.wojtasik@glovoapp.com	East
karolina.stanecka@glovoapp.com	East
lukasz.smolen@glovoapp.com	SMB
kinga.kuzminska@glovoapp.com	East
patrycja.braglewiczkijewska@glovoapp.com	Big Chain
yuliia.gabruk@glovoapp.com	Big Chain
klaudia.wojtasik@glovoapp.com	East
oskar.popielinski@glovoapp.com	SMB
paulina.jaruminowska@glovoapp.com	SMB
karolina.stanecka@glovoapp.com	East
oskar.popielinski@glovoapp.com	SMB
kinga.kuzminska@glovoapp.com	East
sebastian.banaszak@glovoapp.com	Big Chain
kinga.kuzminska@glovoapp.com	East
mateusz.puchalski@glovoapp.com	SMB
yuliia.gabruk@glovoapp.com	Big Chain
klaudia.wojtasik@glovoapp.com	East
katarzyna.kanigowska@glovoapp.com	SMB
kinga.kuzminska@glovoapp.com	East
kinga.kuzminska@glovoapp.com	East
maja.plaskocinska@glovoapp.com	SMB
hanna.dlutek@glovoapp.com	SMB
kinga.kuzminska@glovoapp.com	East
lukasz.smolen@glovoapp.com	SMB
klaudia.wojtasik@glovoapp.com	East
klaudia.wojtasik@glovoapp.com	East
brian.mbewe@glovoapp.com	SMB
mateusz.glowacki@glovoapp.com	East
antonina.nowak@glovoapp.com	SMB
klaudia.wojtasik@glovoapp.com	East
	
antonina.nowak@glovoapp.com	SMB
kinga.kuzminska@glovoapp.com	East
karolina.stanecka@glovoapp.com	East
klaudia.wojtasik@glovoapp.com	East
stanislaw.wozniak@glovoapp.com	SMB
emilia.tarkowska@glovoapp.com	Big Chain
oskar.popielinski@glovoapp.com	SMB
	
antonina.nowak@glovoapp.com	SMB
klaudia.wojtasik@glovoapp.com	East
kinga.kuzminska@glovoapp.com	East
	
kinga.kuzminska@glovoapp.com	East
kinga.kuzminska@glovoapp.com	East
karolina.ptaszek@glovoapp.com	South
kinga.kuzminska@glovoapp.com	East
mateusz.glowacki@glovoapp.com	East
kinga.kuzminska@glovoapp.com	East
oskar.popielinski@glovoapp.com	SMB
paulina.jaruminowska@glovoapp.com	SMB
karolina.stanecka@glovoapp.com	East
	
karolina.stanecka@glovoapp.com	East
mateusz.puchalski@glovoapp.com	SMB
lukasz.smolen@glovoapp.com	SMB
katarzyna.kanigowska@glovoapp.com	SMB
kinga.kuzminska@glovoapp.com	East
lukasz.smolen@glovoapp.com	SMB
patrycja.braglewiczkijewska@glovoapp.com	Big Chain
lukasz.smolen@glovoapp.com	SMB
wiktoria.noweta@glovoapp.com	Big Chain
klaudia.wojtasik@glovoapp.com	East
karolina.stanecka@glovoapp.com	East
kinga.kuzminska@glovoapp.com	East
brian.mbewe@glovoapp.com	SMB
oskar.popielinski@glovoapp.com	SMB
klaudia.wojtasik@glovoapp.com	East
kinga.kuzminska@glovoapp.com	East
kinga.kuzminska@glovoapp.com	East
oskar.popielinski@glovoapp.com	SMB
patrycja.braglewiczkijewska@glovoapp.com	Big Chain
sylwia.snieg@glovoapp.com	North
paulina.jaruminowska@glovoapp.com	SMB
mateusz.glowacki@glovoapp.com	East
	
klaudia.wojtasik@glovoapp.com	East
lukasz.smolen@glovoapp.com	SMB
emilia.tarkowska@glovoapp.com	Big Chain
oskar.popielinski@glovoapp.com	SMB
klaudia.wojtasik@glovoapp.com	East
yuliia.gabruk@glovoapp.com	Big Chain
klaudia.wojtasik@glovoapp.com	East
mateusz.glowacki@glovoapp.com	East
lukasz.smolen@glovoapp.com	SMB
kinga.kuzminska@glovoapp.com	East
klaudia.wojtasik@glovoapp.com	East
klaudia.wojtasik@glovoapp.com	East
mateusz.glowacki@glovoapp.com	East
kinga.kuzminska@glovoapp.com	East
kinga.kuzminska@glovoapp.com	East
hanna.dlutek@glovoapp.com	SMB
klaudia.wojtasik@glovoapp.com	East
lukasz.smolen@glovoapp.com	SMB
stanislaw.wozniak@glovoapp.com	SMB
klaudia.wojtasik@glovoapp.com	East
stanislaw.wozniak@glovoapp.com	SMB
kinga.kuzminska@glovoapp.com	East
paulina.jaruminowska@glovoapp.com	SMB
kinga.kuzminska@glovoapp.com	East
mateusz.glowacki@glovoapp.com	East
maja.plaskocinska@glovoapp.com	SMB
kinga.kuzminska@glovoapp.com	East
lukasz.smolen@glovoapp.com	SMB
mateusz.glowacki@glovoapp.com	East
kinga.kuzminska@glovoapp.com	East
klaudia.wojtasik@glovoapp.com	East
mateusz.puchalski@glovoapp.com	SMB
kinga.kuzminska@glovoapp.com	East
kinga.kuzminska@glovoapp.com	East
oskar.popielinski@glovoapp.com	SMB
mateusz.glowacki@glovoapp.com	East
lukasz.smolen@glovoapp.com	SMB
klaudia.wojtasik@glovoapp.com	East
karolina.stanecka@glovoapp.com	East
klaudia.wojtasik@glovoapp.com	East
maja.plaskocinska@glovoapp.com	SMB
	
kinga.kuzminska@glovoapp.com	East
mateusz.puchalski@glovoapp.com	SMB
kinga.kuzminska@glovoapp.com	East
lukasz.smolen@glovoapp.com	SMB
kinga.kuzminska@glovoapp.com	East
mateusz.glowacki@glovoapp.com	East
paulina.jaruminowska@glovoapp.com	SMB
mateusz.puchalski@glovoapp.com	SMB
lukasz.smolen@glovoapp.com	SMB
sebastian.banaszak@glovoapp.com	Big Chain
piotr.jedrysik@glovoapp.com	South
wiktoria.noweta@glovoapp.com	Big Chain
patrycja.braglewiczkijewska@glovoapp.com	Big Chain
piotr.jedrysik@glovoapp.com	South
	
piotr.jedrysik@glovoapp.com	South
yuliia.gabruk@glovoapp.com	Big Chain
piotr.jedrysik@glovoapp.com	South
patrycja.braglewiczkijewska@glovoapp.com	Big Chain
emilia.tarkowska@glovoapp.com	Big Chain
sebastian.banaszak@glovoapp.com	Big Chain
petro.soia@glovoapp.com	South
petro.soia@glovoapp.com	South
petro.soia@glovoapp.com	South
piotr.jedrysik@glovoapp.com	South
katarzyna.sekowska@glovoapp.com	North
natalia.chuchra@glovoapp.com	South
piotr.jedrysik@glovoapp.com	South
wiktoria.noweta@glovoapp.com	Big Chain
patrycja.braglewiczkijewska@glovoapp.com	Big Chain
petro.soia@glovoapp.com	South
petro.soia@glovoapp.com	South
piotr.jedrysik@glovoapp.com	South
hanna.dlutek@glovoapp.com	SMB
piotr.jedrysik@glovoapp.com	South
mateusz.puchalski@glovoapp.com	SMB
	
patrycja.braglewiczkijewska@glovoapp.com	Big Chain
monika.kalecinska@glovoapp.com	Big Chain
maja.plaskocinska@glovoapp.com	SMB
petro.soia@glovoapp.com	South
petro.soia@glovoapp.com	South
petro.soia@glovoapp.com	South
katarzyna.kanigowska@glovoapp.com	SMB
petro.soia@glovoapp.com	South
	
yuliia.gabruk@glovoapp.com	Big Chain
piotr.jedrysik@glovoapp.com	South
karolina.ptaszek@glovoapp.com	South
piotr.jedrysik@glovoapp.com	South
petro.soia@glovoapp.com	South
katarzyna.kanigowska@glovoapp.com	SMB
sylwia.snieg@glovoapp.com	North
piotr.jedrysik@glovoapp.com	South
piotr.jedrysik@glovoapp.com	South
karolina.ptaszek@glovoapp.com	South
brian.mbewe@glovoapp.com	SMB
brian.mbewe@glovoapp.com	SMB
brian.mbewe@glovoapp.com	SMB
bartosz.bil@glovoapp.com	SMB
piotr.jedrysik@glovoapp.com	South
emilia.tarkowska@glovoapp.com	Big Chain
mateusz.puchalski@glovoapp.com	SMB
oskar.popielinski@glovoapp.com	SMB
klaudia.wojtasik@glovoapp.com	East
piotr.jedrysik@glovoapp.com	South
lukasz.smolen@glovoapp.com	SMB
oskar.popielinski@glovoapp.com	SMB
	
karolina.stanecka@glovoapp.com	East
natalia.chuchra@glovoapp.com	South
karolina.ptaszek@glovoapp.com	South
karolina.ptaszek@glovoapp.com	South
hanna.dlutek@glovoapp.com	SMB
mateusz.puchalski@glovoapp.com	SMB
petro.soia@glovoapp.com	South
piotr.jedrysik@glovoapp.com	South
petro.soia@glovoapp.com	South
piotr.jedrysik@glovoapp.com	South
hanna.dlutek@glovoapp.com	SMB
sylwia.snieg@glovoapp.com	North
karolina.ptaszek@glovoapp.com	South
yuliia.gabruk@glovoapp.com	Big Chain
natalia.chuchra@glovoapp.com	South
piotr.jedrysik@glovoapp.com	South
sebastian.banaszak@glovoapp.com	Big Chain
lukasz.smolen@glovoapp.com	SMB
karolina.ptaszek@glovoapp.com	South
	
mateusz.puchalski@glovoapp.com	SMB
	
monika.kalecinska@glovoapp.com	Big Chain
karolina.ptaszek@glovoapp.com	South
stanislaw.wozniak@glovoapp.com	SMB
karolina.ptaszek@glovoapp.com	South
hanna.dlutek@glovoapp.com	SMB
petro.soia@glovoapp.com	South
oskar.popielinski@glovoapp.com	SMB
piotr.jedrysik@glovoapp.com	South
natalia.chuchra@glovoapp.com	South
paulina.jaruminowska@glovoapp.com	SMB
	
brian.mbewe@glovoapp.com	SMB
mateusz.puchalski@glovoapp.com	SMB
petro.soia@glovoapp.com	South
piotr.jedrysik@glovoapp.com	South
petro.soia@glovoapp.com	South
antonina.nowak@glovoapp.com	SMB
katarzyna.kanigowska@glovoapp.com	SMB
yuliia.gabruk@glovoapp.com	Big Chain
sebastian.banaszak@glovoapp.com	Big Chain
sebastian.banaszak@glovoapp.com	Big Chain
patrycja.braglewiczkijewska@glovoapp.com	Big Chain
emilia.tarkowska@glovoapp.com	Big Chain
patrycja.braglewiczkijewska@glovoapp.com	Big Chain
karolina.stanecka@glovoapp.com	East
emilia.tarkowska@glovoapp.com	Big Chain
natalia.chuchra@glovoapp.com	South
emilia.tarkowska@glovoapp.com	Big Chain
patrycja.braglewiczkijewska@glovoapp.com	Big Chain
natalia.chuchra@glovoapp.com	South
sebastian.banaszak@glovoapp.com	Big Chain
wiktoria.noweta@glovoapp.com	Big Chain
wiktoria.noweta@glovoapp.com	Big Chain
karolina.ptaszek@glovoapp.com	South
natalia.chuchra@glovoapp.com	South
mateusz.puchalski@glovoapp.com	SMB
karolina.ptaszek@glovoapp.com	South
karolina.ptaszek@glovoapp.com	South
karolina.ptaszek@glovoapp.com	South
karolina.ptaszek@glovoapp.com	South
natalia.chuchra@glovoapp.com	South
emilia.tarkowska@glovoapp.com	Big Chain
monika.kalecinska@glovoapp.com	Big Chain
mateusz.puchalski@glovoapp.com	SMB
natalia.chuchra@glovoapp.com	South
oskar.popielinski@glovoapp.com	SMB
natalia.chuchra@glovoapp.com	South
yuliia.gabruk@glovoapp.com	Big Chain
klaudia.wojtasik@glovoapp.com	East
yuliia.gabruk@glovoapp.com	Big Chain
mateusz.puchalski@glovoapp.com	SMB
yuliia.gabruk@glovoapp.com	Big Chain
natalia.chuchra@glovoapp.com	South
natalia.chuchra@glovoapp.com	South
mateusz.puchalski@glovoapp.com	SMB
maja.plaskocinska@glovoapp.com	SMB
yuliia.gabruk@glovoapp.com	Big Chain
natalia.chuchra@glovoapp.com	South
	
natalia.chuchra@glovoapp.com	South
yuliia.gabruk@glovoapp.com	Big Chain
katarzyna.kanigowska@glovoapp.com	SMB
	
sebastian.banaszak@glovoapp.com	Big Chain
klaudia.wojtasik@glovoapp.com	East
natalia.chuchra@glovoapp.com	South
piotr.jedrysik@glovoapp.com	South
karolina.ptaszek@glovoapp.com	South
karolina.ptaszek@glovoapp.com	South
karolina.ptaszek@glovoapp.com	South
yuliia.gabruk@glovoapp.com	Big Chain
oskar.popielinski@glovoapp.com	SMB
	
natalia.chuchra@glovoapp.com	South
natalia.chuchra@glovoapp.com	South
karolina.ptaszek@glovoapp.com	South
natalia.chuchra@glovoapp.com	South
brian.mbewe@glovoapp.com	SMB
oskar.popielinski@glovoapp.com	SMB
kinga.kuzminska@glovoapp.com	East
karolina.ptaszek@glovoapp.com	South
karolina.ptaszek@glovoapp.com	South
	
wiktoria.noweta@glovoapp.com	Big Chain
	
bartosz.bil@glovoapp.com	SMB
natalia.chuchra@glovoapp.com	South
	
natalia.chuchra@glovoapp.com	South
	
yuliia.gabruk@glovoapp.com	Big Chain
karolina.ptaszek@glovoapp.com	South
natalia.chuchra@glovoapp.com	South
tomasz.nowak@glovoapp.com	North
	
antonina.nowak@glovoapp.com	SMB
	
katarzyna.kanigowska@glovoapp.com	SMB
antonina.nowak@glovoapp.com	SMB
mateusz.puchalski@glovoapp.com	SMB
lukasz.smolen@glovoapp.com	SMB
natalia.chuchra@glovoapp.com	South
lukasz.smolen@glovoapp.com	SMB
natalia.chuchra@glovoapp.com	South
sebastian.banaszak@glovoapp.com	Big Chain
natalia.chuchra@glovoapp.com	South
natalia.chuchra@glovoapp.com	South
natalia.chuchra@glovoapp.com	South
bartosz.bil@glovoapp.com	SMB
karolina.ptaszek@glovoapp.com	South
yuliia.gabruk@glovoapp.com	Big Chain
paulina.jaruminowska@glovoapp.com	SMB
paulina.jaruminowska@glovoapp.com	SMB
natalia.chuchra@glovoapp.com	South
karolina.ptaszek@glovoapp.com	South
karolina.stanecka@glovoapp.com	East
petro.soia@glovoapp.com	South
brian.mbewe@glovoapp.com	SMB
emilia.tarkowska@glovoapp.com	Big Chain
jan.gola@glovoapp.com	North
sebastian.banaszak@glovoapp.com	Big Chain
jan.gola@glovoapp.com	North
sebastian.banaszak@glovoapp.com	Big Chain
emilia.tarkowska@glovoapp.com	Big Chain
jan.gola@glovoapp.com	North
jan.gola@glovoapp.com	North
yuliia.gabruk@glovoapp.com	Big Chain
yuliia.gabruk@glovoapp.com	Big Chain
jan.gola@glovoapp.com	North
patrycja.braglewiczkijewska@glovoapp.com	Big Chain
maja.plaskocinska@glovoapp.com	SMB
wiktoria.noweta@glovoapp.com	Big Chain
jan.gola@glovoapp.com	North
jan.gola@glovoapp.com	North
patrycja.braglewiczkijewska@glovoapp.com	Big Chain
tomasz.nowak@glovoapp.com	North
hanna.dlutek@glovoapp.com	SMB
patrycja.braglewiczkijewska@glovoapp.com	Big Chain
	
karolina.stanecka@glovoapp.com	East
hanna.dlutek@glovoapp.com	SMB
patrycja.braglewiczkijewska@glovoapp.com	Big Chain
jan.gola@glovoapp.com	North
kasia.kwasniak@glovoapp.com	North
wiktoria.noweta@glovoapp.com	Big Chain
lukasz.smolen@glovoapp.com	SMB
jan.gola@glovoapp.com	North
tomasz.nowak@glovoapp.com	North
jan.gola@glovoapp.com	North
natalia.chuchra@glovoapp.com	South
jan.gola@glovoapp.com	North
jan.gola@glovoapp.com	North
lukasz.smolen@glovoapp.com	SMB
maja.plaskocinska@glovoapp.com	SMB
tomasz.nowak@glovoapp.com	North
tomasz.nowak@glovoapp.com	North
monika.kalecinska@glovoapp.com	Big Chain
tomasz.nowak@glovoapp.com	North
tomasz.nowak@glovoapp.com	North
sylwia.snieg@glovoapp.com	North
mateusz.puchalski@glovoapp.com	SMB
oskar.popielinski@glovoapp.com	SMB
emilia.tarkowska@glovoapp.com	Big Chain
karolina.stanecka@glovoapp.com	East
oskar.popielinski@glovoapp.com	SMB
tomasz.nowak@glovoapp.com	North
jan.gola@glovoapp.com	North
jan.gola@glovoapp.com	North
daria.jerzewska@glovoapp.com	SMB
tomasz.nowak@glovoapp.com	North
mateusz.puchalski@glovoapp.com	SMB
jan.gola@glovoapp.com	North
	
wiktoria.noweta@glovoapp.com	Big Chain
tomasz.nowak@glovoapp.com	North
tomasz.nowak@glovoapp.com	North
bartosz.bil@glovoapp.com	SMB
	
oskar.popielinski@glovoapp.com	SMB
sebastian.banaszak@glovoapp.com	Big Chain
lukasz.smolen@glovoapp.com	SMB
katarzyna.kanigowska@glovoapp.com	SMB
hanna.dlutek@glovoapp.com	SMB
lukasz.smolen@glovoapp.com	SMB
lukasz.smolen@glovoapp.com	SMB
paulina.jaruminowska@glovoapp.com	SMB
sylwia.snieg@glovoapp.com	North
mateusz.puchalski@glovoapp.com	SMB
mateusz.puchalski@glovoapp.com	SMB
paulina.jaruminowska@glovoapp.com	SMB
brian.mbewe@glovoapp.com	SMB
brian.mbewe@glovoapp.com	SMB
jan.gola@glovoapp.com	North
stanislaw.wozniak@glovoapp.com	SMB
tomasz.nowak@glovoapp.com	North
jan.gola@glovoapp.com	North
	
	
piotr.jedrysik@glovoapp.com	South
paulina.jaruminowska@glovoapp.com	SMB
oskar.popielinski@glovoapp.com	SMB
paulina.jaruminowska@glovoapp.com	SMB
hanna.dlutek@glovoapp.com	SMB
jan.gola@glovoapp.com	North
	
oskar.popielinski@glovoapp.com	SMB
karolina.ptaszek@glovoapp.com	South
	
maja.plaskocinska@glovoapp.com	SMB
piotr.jedrysik@glovoapp.com	South
hanna.dlutek@glovoapp.com	SMB
sylwia.snieg@glovoapp.com	North
yuliia.gabruk@glovoapp.com	Big Chain
mateusz.puchalski@glovoapp.com	SMB
karolina.ptaszek@glovoapp.com	South
oskar.popielinski@glovoapp.com	SMB
mateusz.puchalski@glovoapp.com	SMB
hanna.dlutek@glovoapp.com	SMB
marcelina.kolodziej@glovoapp.com	North
sebastian.banaszak@glovoapp.com	Big Chain
sebastian.banaszak@glovoapp.com	Big Chain
emilia.tarkowska@glovoapp.com	Big Chain
kasia.kwasniak@glovoapp.com	North
patrycja.braglewiczkijewska@glovoapp.com	Big Chain
katarzyna.sekowska@glovoapp.com	North
katarzyna.sekowska@glovoapp.com	North
kasia.kwasniak@glovoapp.com	North
kasia.kwasniak@glovoapp.com	North
patrycja.braglewiczkijewska@glovoapp.com	Big Chain
yuliia.gabruk@glovoapp.com	Big Chain
katarzyna.sekowska@glovoapp.com	North
mateusz.puchalski@glovoapp.com	SMB
katarzyna.sekowska@glovoapp.com	North
katarzyna.sekowska@glovoapp.com	North
patrycja.braglewiczkijewska@glovoapp.com	Big Chain
sebastian.banaszak@glovoapp.com	Big Chain
katarzyna.sekowska@glovoapp.com	North
katarzyna.sekowska@glovoapp.com	North
yuliia.gabruk@glovoapp.com	Big Chain
katarzyna.sekowska@glovoapp.com	North
katarzyna.sekowska@glovoapp.com	North
wiktoria.noweta@glovoapp.com	Big Chain
patrycja.braglewiczkijewska@glovoapp.com	Big Chain
katarzyna.sekowska@glovoapp.com	North
oskar.popielinski@glovoapp.com	SMB
emilia.tarkowska@glovoapp.com	Big Chain
katarzyna.sekowska@glovoapp.com	North
stanislaw.wozniak@glovoapp.com	SMB
katarzyna.sekowska@glovoapp.com	North
katarzyna.sekowska@glovoapp.com	North
wiktoria.noweta@glovoapp.com	Big Chain
wiktoria.noweta@glovoapp.com	Big Chain
antonina.nowak@glovoapp.com	SMB
paulina.jaruminowska@glovoapp.com	SMB
marcelina.kolodziej@glovoapp.com	North
sebastian.banaszak@glovoapp.com	Big Chain
daria.jerzewska@glovoapp.com	SMB
sebastian.banaszak@glovoapp.com	Big Chain
katarzyna.sekowska@glovoapp.com	North
lukasz.smolen@glovoapp.com	SMB
paulina.jaruminowska@glovoapp.com	SMB
oskar.popielinski@glovoapp.com	SMB
katarzyna.sekowska@glovoapp.com	North
katarzyna.sekowska@glovoapp.com	North
petro.soia@glovoapp.com	South
antonina.nowak@glovoapp.com	SMB
katarzyna.sekowska@glovoapp.com	North
katarzyna.sekowska@glovoapp.com	North
sylwia.snieg@glovoapp.com	North
katarzyna.sekowska@glovoapp.com	North
brian.mbewe@glovoapp.com	SMB
katarzyna.sekowska@glovoapp.com	North
antonina.nowak@glovoapp.com	SMB
marcelina.kolodziej@glovoapp.com	North
patrycja.braglewiczkijewska@glovoapp.com	Big Chain
oskar.popielinski@glovoapp.com	SMB
katarzyna.sekowska@glovoapp.com	North
hanna.dlutek@glovoapp.com	SMB
brian.mbewe@glovoapp.com	SMB
sebastian.banaszak@glovoapp.com	Big Chain
brian.mbewe@glovoapp.com	SMB
marcelina.kolodziej@glovoapp.com	North
lukasz.pluciennik@glovoapp.com	North
marcelina.kolodziej@glovoapp.com	North
monika.kalecinska@glovoapp.com	Big Chain
katarzyna.sekowska@glovoapp.com	North
katarzyna.sekowska@glovoapp.com	North
daria.jerzewska@glovoapp.com	SMB
klaudia.wojtasik@glovoapp.com	East
paulina.jaruminowska@glovoapp.com	SMB
katarzyna.sekowska@glovoapp.com	North
marcelina.kolodziej@glovoapp.com	North
jan.gola@glovoapp.com	North
katarzyna.sekowska@glovoapp.com	North
karolina.ptaszek@glovoapp.com	South
katarzyna.sekowska@glovoapp.com	North
katarzyna.sekowska@glovoapp.com	North
marcelina.kolodziej@glovoapp.com	North
antonina.nowak@glovoapp.com	SMB
lukasz.smolen@glovoapp.com	SMB
katarzyna.sekowska@glovoapp.com	North
sebastian.banaszak@glovoapp.com	Big Chain
piotr.jedrysik@glovoapp.com	South
hanna.dlutek@glovoapp.com	SMB
klaudia.pisarska@glovoapp.com	brak w mappingu
antonina.nowak@glovoapp.com	SMB
stanislaw.wozniak@glovoapp.com	SMB
lukasz.smolen@glovoapp.com	SMB
bartosz.bil@glovoapp.com	SMB
emilia.tarkowska@glovoapp.com	Big Chain
katarzyna.sekowska@glovoapp.com	North
mateusz.puchalski@glovoapp.com	SMB
lukasz.smolen@glovoapp.com	SMB
sebastian.banaszak@glovoapp.com	Big Chain
katarzyna.sekowska@glovoapp.com	North
katarzyna.sekowska@glovoapp.com	North
paulina.jaruminowska@glovoapp.com	SMB
katarzyna.kanigowska@glovoapp.com	SMB
emilia.tarkowska@glovoapp.com	Big Chain
sebastian.banaszak@glovoapp.com	Big Chain
yuliia.gabruk@glovoapp.com	Big Chain
lukasz.pluciennik@glovoapp.com	North
sylwia.snieg@glovoapp.com	North
sylwia.snieg@glovoapp.com	North
lukasz.pluciennik@glovoapp.com	North
patrycja.braglewiczkijewska@glovoapp.com	Big Chain
emilia.tarkowska@glovoapp.com	Big Chain
sylwia.snieg@glovoapp.com	North
emilia.tarkowska@glovoapp.com	Big Chain
lukasz.pluciennik@glovoapp.com	North
wiktoria.noweta@glovoapp.com	Big Chain
patrycja.braglewiczkijewska@glovoapp.com	Big Chain
sylwia.snieg@glovoapp.com	North
mateusz.puchalski@glovoapp.com	SMB
sylwia.snieg@glovoapp.com	North
lukasz.pluciennik@glovoapp.com	North
sebastian.banaszak@glovoapp.com	Big Chain
lukasz.pluciennik@glovoapp.com	North
lukasz.pluciennik@glovoapp.com	North
sylwia.snieg@glovoapp.com	North
yuliia.gabruk@glovoapp.com	Big Chain
yuliia.gabruk@glovoapp.com	Big Chain
patrycja.braglewiczkijewska@glovoapp.com	Big Chain
lukasz.pluciennik@glovoapp.com	North
sylwia.snieg@glovoapp.com	North
lukasz.pluciennik@glovoapp.com	North
wiktoria.noweta@glovoapp.com	Big Chain
oskar.popielinski@glovoapp.com	SMB
mateusz.puchalski@glovoapp.com	SMB
lukasz.pluciennik@glovoapp.com	North
lukasz.pluciennik@glovoapp.com	North
lukasz.pluciennik@glovoapp.com	North
hanna.dlutek@glovoapp.com	SMB
stanislaw.wozniak@glovoapp.com	SMB
sylwia.snieg@glovoapp.com	North
sylwia.snieg@glovoapp.com	North
oskar.popielinski@glovoapp.com	SMB
sylwia.snieg@glovoapp.com	North
sebastian.banaszak@glovoapp.com	Big Chain
sylwia.snieg@glovoapp.com	North
oskar.popielinski@glovoapp.com	SMB
lukasz.pluciennik@glovoapp.com	North
lukasz.pluciennik@glovoapp.com	North
sylwia.snieg@glovoapp.com	North
piotr.jedrysik@glovoapp.com	South
sylwia.snieg@glovoapp.com	North
sylwia.snieg@glovoapp.com	North
	
	
lukasz.pluciennik@glovoapp.com	North
lukasz.pluciennik@glovoapp.com	North
sylwia.snieg@glovoapp.com	North
lukasz.pluciennik@glovoapp.com	North
sebastian.banaszak@glovoapp.com	Big Chain
sylwia.snieg@glovoapp.com	North
lukasz.pluciennik@glovoapp.com	North
sylwia.snieg@glovoapp.com	North
lukasz.pluciennik@glovoapp.com	North
sylwia.snieg@glovoapp.com	North
mateusz.glowacki@glovoapp.com	East
sylwia.snieg@glovoapp.com	North
lukasz.pluciennik@glovoapp.com	North
sylwia.snieg@glovoapp.com	North
mateusz.puchalski@glovoapp.com	SMB
lukasz.pluciennik@glovoapp.com	North
mateusz.puchalski@glovoapp.com	SMB
sylwia.snieg@glovoapp.com	North
lukasz.smolen@glovoapp.com	SMB
piotr.jedrysik@glovoapp.com	South
lukasz.smolen@glovoapp.com	SMB
hanna.dlutek@glovoapp.com	SMB
	
lukasz.pluciennik@glovoapp.com	North
lukasz.pluciennik@glovoapp.com	North
lukasz.pluciennik@glovoapp.com	North
lukasz.pluciennik@glovoapp.com	North
antonina.nowak@glovoapp.com	SMB
sylwia.snieg@glovoapp.com	North
kasia.kwasniak@glovoapp.com	North
sylwia.snieg@glovoapp.com	North
jan.piekarski@glovoapp.com	Big Chain
lukasz.smolen@glovoapp.com	SMB
sebastian.banaszak@glovoapp.com	Big Chain
sylwia.snieg@glovoapp.com	North
sylwia.snieg@glovoapp.com	North
katarzyna.kanigowska@glovoapp.com	SMB
natalia.chuchra@glovoapp.com	South
mateusz.puchalski@glovoapp.com	SMB
jan.piekarski@glovoapp.com	Big Chain
lukasz.pluciennik@glovoapp.com	North
sylwia.snieg@glovoapp.com	North
jan.piekarski@glovoapp.com	Big Chain
yuliia.gabruk@glovoapp.com	Big Chain
lukasz.pluciennik@glovoapp.com	North
sylwia.snieg@glovoapp.com	North
sylwia.snieg@glovoapp.com	North
sylwia.snieg@glovoapp.com	North
sylwia.snieg@glovoapp.com	North
	
natalia.chuchra@glovoapp.com	South
natalia.chuchra@glovoapp.com	South
natalia.chuchra@glovoapp.com	South
klaudia.wojtasik@glovoapp.com	East
klaudia.wojtasik@glovoapp.com	East
klaudia.wojtasik@glovoapp.com	East
klaudia.wojtasik@glovoapp.com	East
klaudia.wojtasik@glovoapp.com	East
klaudia.wojtasik@glovoapp.com	East
klaudia.wojtasik@glovoapp.com	East
klaudia.wojtasik@glovoapp.com	East
klaudia.wojtasik@glovoapp.com	East
katarzyna.sekowska@glovoapp.com	North
katarzyna.sekowska@glovoapp.com	North
katarzyna.sekowska@glovoapp.com	North
katarzyna.sekowska@glovoapp.com	North
petro.soia@glovoapp.com	South
petro.soia@glovoapp.com	South
petro.soia@glovoapp.com	South
petro.soia@glovoapp.com	South
petro.soia@glovoapp.com	South
petro.soia@glovoapp.com	South
mateusz.puchalski@glovoapp.com	SMB
maja.plaskocinska@glovoapp.com	SMB
mateusz.puchalski@glovoapp.com	SMB
mateusz.puchalski@glovoapp.com	SMB
hanna.dlutek@glovoapp.com	SMB
hanna.dlutek@glovoapp.com	SMB
brian.mbewe@glovoapp.com	SMB
hanna.dlutek@glovoapp.com	SMB
